contact_email_KEY,update__staff_KEY,update_date_utc,contact_KEY,contact_email_type_KEY,email,create_date_utc,create__changeset_KEY,update__changeset_KEY,display_as
1,61,43111.70493,343,1,tmcgrath@yahoo.com,38332.8962,315,4041979,"Mcgrath, Tamsin(tmcgrath@yahoo.com)"
2,61,43111.70748,340,1,dlamb@msn.com,38332.8962,63397,4041988,"Lamb, Damian(dlamb@msn.com)"
3,61,44886.78491,309,1,amurphy@hotmail.com,38332.8962,63414,8704375,"Murphy, Asia(amurphy@hotmail.com)"
4,62,43103.70193,362,1,crichards@msn.com,38332.8962,303452,4015607,"Richards, Cruz(crichards@msn.com)"
5,61,41429.58561,214,1,mcolon@gmail.com,38332.8962,112731,112731,"Colon, Malachi(mcolon@gmail.com)"
6,61,45105.86744,218,1,aphelps@gmail.com,38332.8962,418345,9691257,"Phelps, Adele(aphelps@gmail.com)"
7,61,43440.66683,110,1,kkramer@hotmail.com,38332.8962,1032454,4790995,"Kramer, Kabir(kkramer@hotmail.com)"
8,61,41366.65877,323,1,eriley@yahoo.com,38332.8962,163,163,"Riley, Evangeline(eriley@yahoo.com)"
9,61,41366.65878,312,1,acraig@yahoo.com,38332.8962,171,171,"Craig, Angelina(acraig@yahoo.com)"
10,61,41366.65878,311,1,mnicholson@gmail.com,38332.8962,176,176,"Nicholson, Maximilian(mnicholson@gmail.com)"
11,61,41366.65878,332,1,roneill@gmail.com,38332.8962,179,179,"Oneill, Rahim(roneill@gmail.com)"
12,61,41366.65881,353,1,hmoss@gmail.com,38332.8962,191,191,"Moss, Haleema(hmoss@gmail.com)"
13,61,41366.65897,316,1,igentry@yahoo.com,38332.8962,323,323,"Gentry, Isobel(igentry@yahoo.com)"
14,61,41366.659,318,1,olowe@msn.com,38332.8962,355,355,"Lowe, Otis(olowe@msn.com)"
15,61,41394.79674,356,1,rmccoy@gmail.com,38332.8962,63417,63417,"Mccoy, Ridwan(rmccoy@gmail.com)"
16,61,41394.79688,317,1,slozano@hotmail.com,38332.8962,63419,63419,"Lozano, Sinead(slozano@hotmail.com)"
17,61,41394.79759,355,1,abeasley@msn.com,38332.8962,63424,63424,"Beasley, Anya(abeasley@msn.com)"
18,61,41394.79906,333,1,lclark@yahoo.com,38332.8962,63433,63433,"Clark, Lucia(lclark@yahoo.com)"
19,61,45239.92163,37,1,staylor@gmail.com,42338.98366,2239146,10122698,"Taylor, Stevie(staylor@gmail.com)"
20,61,44382.61554,140,1,agillespie@hotmail.com,44382.61554,7201903,7201903,"Gillespie, Annika(agillespie@hotmail.com)"
21,61,44510.88453,270,1,ctanner@msn.com,44510.88453,7499003,7499003,"Tanner, Cynthia(ctanner@msn.com)"
22,61,44543.85213,98,1,lbaker@yahoo.com,44543.85213,7566519,7566519,"Baker, Lennon(lbaker@yahoo.com)"
23,61,44557.72089,199,1,jbonner@hotmail.com,44557.72089,7601636,7601636,"Bonner, Juanita(jbonner@hotmail.com)"
24,61,44557.73374,167,1,kpetersen@yahoo.com,44557.73374,7601708,7601708,"Petersen, Keisha(kpetersen@yahoo.com)"
25,61,44557.91854,44,1,flester@gmail.com,44557.91854,7602920,7602920,"Lester, Floyd(flester@gmail.com)"
26,61,44557.93291,200,1,dsoto@gmail.com,44557.93291,7602981,7602981,"Soto, Demi-Leigh(dsoto@gmail.com)"
27,61,44557.94007,100,1,jmorrow@hotmail.com,44557.94007,7603026,7603026,"Morrow, Jaydon(jmorrow@hotmail.com)"
28,61,44557.94007,100,2,jmorrow123@gmail.com,44557.94007,7603026,7603026,"Morrow, Jaydon(jmorrow123@gmail.com)"
29,61,44557.94874,63,1,cmccarthy@hotmail.com,44557.94874,7603081,7603081,"Mccarthy, Cara(cmccarthy@hotmail.com)"
30,61,44557.96499,101,1,lrobertson@gmail.com,44557.96499,7603162,7603162,"Robertson, Lula(lrobertson@gmail.com)"
31,61,44558.04219,102,1,mweaver@msn.com,44558.04219,7603473,7603473,"Weaver, Mathew(mweaver@msn.com)"
32,61,44558.04831,168,1,zharris@yahoo.com,44558.04831,7603478,7603478,"Harris, Zohaib(zharris@yahoo.com)"
33,61,44558.0669,153,1,ebean@hotmail.com,44558.0669,7603516,7603516,"Bean, Elmer(ebean@hotmail.com)"
34,61,44558.08069,124,1,dtaylor@gmail.com,44558.08069,7603524,7603524,"Taylor, Diane(dtaylor@gmail.com)"
35,61,44575.74207,103,1,ablankenship@msn.com,44575.74207,7647841,7647841,"Blankenship, Aimee(ablankenship@msn.com)"
36,61,44575.8155,146,1,aphillips@yahoo.com,44575.8155,7648632,7648632,"Phillips, Amanda(aphillips@yahoo.com)"
37,61,44580.58435,66,1,sconnolly@msn.com,44580.58435,7660984,7660984,"Connolly, Stacey(sconnolly@msn.com)"
38,61,44606.90891,53,1,kslater@msn.com,44606.90891,7772623,7772623,"Slater, Karim(kslater@msn.com)"
39,61,44620.74035,150,1,ewhitehead@gmail.com,44620.74035,7835792,7835792,"Whitehead, Edie(ewhitehead@gmail.com)"
40,61,44656.82878,196,1,fmercado@yahoo.com,44656.82878,8033485,8033485,"Mercado, Fraser(fmercado@yahoo.com)"
41,61,44659.65098,69,1,ghatfield@hotmail.com,44659.65098,8057198,8057198,"Hatfield, George(ghatfield@hotmail.com)"
42,61,44755.55554,104,1,jharrington@yahoo.com,44755.55554,8330014,8330014,"Harrington, John(jharrington@yahoo.com)"
43,61,44760.86478,105,1,jbrooks@msn.com,44760.86478,8341078,8341078,"Brooks, Janet(jbrooks@msn.com)"
44,61,44762.86966,160,1,lharrison@gmail.com,44762.86966,8346993,8346993,"Harrison, Lennox(lharrison@gmail.com)"
45,61,44796.78086,84,1,cchandler@hotmail.com,44796.78086,8433286,8433286,"Chandler, Cain(cchandler@hotmail.com)"
46,61,44811.77714,346,1,hdillon@hotmail.com,44811.77714,8471824,8471824,"Dillon, Hugh(hdillon@hotmail.com)"
47,61,44811.77808,371,1,jhartley@yahoo.com,44811.77808,8471830,8471830,"Hartley, Jakub(jhartley@yahoo.com)"
48,61,44823.71873,194,1,mbeasley@hotmail.com,44823.71873,8524760,8524760,"Beasley, Maison(mbeasley@hotmail.com)"
49,61,44834.61446,85,1,bolson@yahoo.com,44834.61446,8555272,8555272,"Olson, Bushra(bolson@yahoo.com)"
50,61,44894.6622,164,1,cfischer@gmail.com,44894.6622,8715572,8715572,"Fischer, Conrad(cfischer@gmail.com)"
51,61,44894.66891,269,1,fdorsey@msn.com,44894.66891,8715604,8715604,"Dorsey, Freddie(fdorsey@msn.com)"
52,61,44894.69688,73,1,akoch@gmail.com,44894.69688,8715883,8715883,"Koch, Amin(akoch@gmail.com)"
53,61,44917.69527,127,1,kterry@msn.com,44917.69527,8826058,8826058,"Terry, Katrina(kterry@msn.com)"
54,61,44917.83255,165,1,lrose@yahoo.com,44917.83255,8827220,8827220,"Rose, Laila(lrose@yahoo.com)"
55,61,44917.8508,166,1,lholloway@msn.com,44917.8508,8827286,8827286,"Holloway, Lorenzo(lholloway@msn.com)"
56,61,44917.88233,197,1,zmurray@hotmail.com,44917.88233,8827488,8827488,"Murray, Zuzanna(zmurray@hotmail.com)"
57,61,44918.58191,241,1,aelliott@gmail.com,44918.58191,8828538,8828538,"Elliott, Alisa(aelliott@gmail.com)"
58,61,44922.72134,208,1,arobertson@yahoo.com,44922.72134,8830894,8830894,"Robertson, Anne(arobertson@yahoo.com)"
59,61,44925.62514,128,1,kcalhoun@msn.com,44925.62514,8840690,8840690,"Calhoun, Kelly(kcalhoun@msn.com)"
60,61,44953.00622,77,1,mosborn@gmail.com,44953.00622,8935175,8935175,"Osborn, Minnie(mosborn@gmail.com)"
61,61,45041.66935,89,1,againes@hotmail.com,45041.66935,9496491,9496491,"Gaines, Ajay(againes@hotmail.com)"
62,61,45099.73234,178,1,fknight@msn.com,45099.73234,9680953,9680953,"Knight, Finnley(fknight@msn.com)"
63,61,45118.57914,170,1,sromero@yahoo.com,45118.57914,9717868,9717868,"Romero, Sulayman(sromero@yahoo.com)"
64,61,45118.62449,107,1,pdale@hotmail.com,45118.62449,9718150,9718150,"Dale, Patricia(pdale@hotmail.com)"
65,61,45202.92002,132,1,radams@gmail.com,45202.92002,9987481,9987481,"Adams, Rhiannon(radams@gmail.com)"
66,61,45279.74767,192,1,hleonard@msn.com,45279.74767,10244582,10244582,"Leonard, Hazel(hleonard@msn.com)"
67,61,45288.75837,206,1,hparker@hotmail.com,45288.75837,10264447,10264447,"Parker, Herman(hparker@hotmail.com)"
68,61,45288.77638,95,1,jgomez@hotmail.com,45288.77638,10264619,10264619,"Gomez, Jacqueline(jgomez@hotmail.com)"
69,61,45288.78439,193,1,mmcknight@msn.com,45288.78439,10264856,10264856,"Mcknight, Michael(mmcknight@msn.com)"
70,61,45288.82851,181,1,aboyd@yahoo.com,45288.82851,10265249,10265249,"Boyd, Annabel(aboyd@yahoo.com)"
71,61,45288.85249,202,1,vsnyder@yahoo.com,45288.85249,10265500,10265500,"Snyder, Violet(vsnyder@yahoo.com)"
72,61,41921.41184,236,1,stodd@msn.com,41912.65005,1210453,1229672,"Todd, Salma(stodd@msn.com)"
73,61,43111.71023,304,1,thouse@msn.com,41982.7758,1328424,4041999,"House, Tessa(thouse@msn.com)"
74,61,42338.98301,255,1,bmcbride@yahoo.com,42338.98301,2239143,2239143,"Mcbride, Bonnie(bmcbride@yahoo.com)"
75,61,43180.66278,219,1,nfrost@yahoo.com,43180.65542,4281456,4281522,"Frost, Nikita(nfrost@yahoo.com)"
76,61,44936.89454,129,1,jpearson@yahoo.com,44930.65184,8853606,8869221,"Pearson, Jessica(jpearson@yahoo.com)"
77,61,44936.99972,111,1,idaniel@hotmail.com,44936.99972,8870157,8870157,"Daniel, Iris(idaniel@hotmail.com)"
78,61,43111.71065,357,1,ohardin@hotmail.com,41366.40902,360,4042002,"Hardin, Olly(ohardin@hotmail.com)"
79,61,43108.92491,120,1,jward@yahoo.com,41487.4867,226322,4033571,"Ward, Jaime(jward@yahoo.com)"
80,61,43108.92491,120,2,jward123@gmail.com,41487.4867,226322,4033571,"Ward, Jaime(jward123@gmail.com)"
81,61,43111.70779,368,1,hjarvis@msn.com,42010.6363,1373910,4041991,"Jarvis, Hafsah(hjarvis@msn.com)"
82,61,43108.75664,366,1,zhenderson@msn.com,42010.78287,1374782,4032616,"Henderson, Zainab(zhenderson@msn.com)"
83,61,43111.70693,369,1,dbuchanan@msn.com,42338.97628,2239107,4041986,"Buchanan, Diane(dbuchanan@msn.com)"
84,61,43111.70661,365,1,llevy@msn.com,42548.91282,2820257,4041985,"Levy, Leroy(llevy@msn.com)"
85,61,43111.7045,306,1,gpham@yahoo.com,42632.78824,2945045,4041978,"Pham, Guy(gpham@yahoo.com)"
86,61,44886.79394,375,1,hmclean@gmail.com,42726.69355,3100235,8704426,"Mclean, Haydn(hmclean@gmail.com)"
87,61,43111.70163,378,1,nmoon@msn.com,43031.68867,3902383,4041960,"Moon, Nikolas(nmoon@msn.com)"
88,61,43111.71159,322,1,aclarke@msn.com,43104.89771,4023066,4042010,"Clarke, Ava-Rose(aclarke@msn.com)"
89,61,43111.71124,327,1,lheath@hotmail.com,43104.90132,4023092,4042005,"Heath, Luis(lheath@hotmail.com)"
90,61,43111.70876,360,1,mluna@yahoo.com,43104.90566,4023101,4041994,"Luna, Maximus(mluna@yahoo.com)"
91,61,43111.69572,115,1,jsears@hotmail.com,43111.69572,4041938,4041938,"Sears, Jan(jsears@hotmail.com)"
92,61,43111.69637,134,1,rcantrell@hotmail.com,43111.69637,4041939,4041939,"Cantrell, Rihanna(rcantrell@hotmail.com)"
93,61,43465.85942,307,1,rtownsend@hotmail.com,43465.85942,4826243,4826243,"Townsend, Rhonda(rtownsend@hotmail.com)"
94,61,43465.86938,148,1,rjohnston@gmail.com,43465.86938,4826269,4826269,"Johnston, Ruben(rjohnston@gmail.com)"
95,61,43468.79685,46,1,cmcclure@yahoo.com,43468.79685,4833506,4833506,"Mcclure, Cerys(cmcclure@yahoo.com)"
96,61,43468.80146,247,1,krussell@hotmail.com,43468.80146,4833523,4833523,"Russell, Keenan(krussell@hotmail.com)"
97,61,44481.77539,113,1,bbrewer@msn.com,43489.72544,4880512,7430292,"Brewer, Bryan(bbrewer@msn.com)"
98,61,43735.8188,67,1,jcabrera@hotmail.com,43719.72206,5325692,5350214,"Cabrera, Jan(jcabrera@hotmail.com)"
99,61,43735.82814,376,1,ahudson@msn.com,43735.82814,5350235,5350235,"Hudson, Alec(ahudson@msn.com)"
100,61,43746.71027,137,1,mharrell@yahoo.com,43746.71027,5369714,5369714,"Harrell, Mustafa(mharrell@yahoo.com)"
101,61,43775.74988,235,1,lbrock@msn.com,43775.74988,5412169,5412169,"Brock, Laurie(lbrock@msn.com)"
102,61,43818.95292,50,1,emcdaniel@hotmail.com,43818.95292,5491828,5491828,"Mcdaniel, Ella-Louise(emcdaniel@hotmail.com)"
103,61,43829.95515,155,1,charmon@gmail.com,43829.95515,5503408,5503408,"Harmon, Cecily(charmon@gmail.com)"
104,61,43829.97278,326,1,kdavies@hotmail.com,43829.97278,5503506,5503506,"Davies, Kirsty(kdavies@hotmail.com)"
105,61,43829.98544,116,1,afarrell@msn.com,43829.98544,5503571,5503571,"Farrell, Archie(afarrell@msn.com)"
106,61,43829.99223,117,1,wmolina@msn.com,43829.99223,5503599,5503599,"Molina, William(wmolina@msn.com)"
107,61,43832.88916,139,1,fmclean@msn.com,43832.88916,5508264,5508264,"Mclean, Florence(fmclean@msn.com)"
108,61,43854.74434,70,1,batkinson@gmail.com,43854.74434,5568208,5568208,"Atkinson, Bushra(batkinson@gmail.com)"
109,61,43902.79561,303,1,hhess@gmail.com,43902.79561,5988619,5988619,"Hess, Helen(hhess@gmail.com)"
110,61,43936.86554,259,1,kochoa@yahoo.com,43936.86554,6102095,6102095,"Ochoa, Kaine(kochoa@yahoo.com)"
111,61,43950.72065,284,1,ccampos@yahoo.com,43950.72065,6125259,6125259,"Campos, Ciara(ccampos@yahoo.com)"
112,61,43986.89297,144,1,dwang@hotmail.com,43986.89297,6188620,6188620,"Wang, Daisy(dwang@hotmail.com)"
113,61,44020.92902,222,1,avalentine@msn.com,44020.92902,6260158,6260158,"Valentine, Angel(avalentine@msn.com)"
114,61,44187.7376,151,1,llevy@hotmail.com,44187.7376,6575035,6575035,"Levy, Leonie(llevy@hotmail.com)"
115,61,44202.72997,171,1,ale@msn.com,44202.72997,6605105,6605105,"Le, Alistair(ale@msn.com)"
116,61,44202.74992,173,1,asmall@yahoo.com,44202.74992,6605163,6605163,"Small, Alfie(asmall@yahoo.com)"
117,61,44202.7577,174,1,asingh@yahoo.com,44202.7577,6605194,6605194,"Singh, Amanda(asingh@yahoo.com)"
118,61,44202.76731,80,1,jduffy@hotmail.com,44202.76731,6605232,6605232,"Duffy, Julian(jduffy@hotmail.com)"
119,61,44202.84632,42,1,sbenton@hotmail.com,44202.84632,6605584,6605584,"Benton, Shannon(sbenton@hotmail.com)"
120,61,44202.85618,136,1,eguzman@gmail.com,44202.85618,6605622,6605622,"Guzman, Eve(eguzman@gmail.com)"
121,61,44202.86778,122,1,mgreen@hotmail.com,44202.86778,6605676,6605676,"Green, Martin(mgreen@hotmail.com)"
122,61,44202.87645,172,1,thahn@hotmail.com,44202.87645,6605743,6605743,"Hahn, Theresa(thahn@hotmail.com)"
123,61,44202.88954,175,1,thunt@gmail.com,44202.88954,6605971,6605971,"Hunt, Tia(thunt@gmail.com)"
124,61,44202.8961,176,1,lshields@msn.com,44202.8961,6606030,6606030,"Shields, Lorcan(lshields@msn.com)"
125,61,44264.89,256,1,hneal@gmail.com,44264.89,6861121,6861121,"Neal, Hamza(hneal@gmail.com)"
126,61,44299.66222,220,1,iayers@msn.com,44299.66222,6997367,6997367,"Ayers, Ismail(iayers@msn.com)"
127,61,41439.6167,350,1,isavage@msn.com,41394.54574,63410,125668,"Savage, Ieuan(isavage@msn.com)"
128,61,41439.61554,334,1,bjacobson@gmail.com,41394.5481,63427,125662,"Jacobson, Bobby(bjacobson@gmail.com)"
129,61,41439.61642,315,1,mcook@msn.com,41394.5488,63431,125665,"Cook, Milo(mcook@msn.com)"
130,61,41981.77169,254,1,srios@yahoo.com,41981.77169,1325968,1325968,"Rios, Sara(srios@yahoo.com)"
131,61,41981.77391,245,1,rkrueger@msn.com,41981.77391,1325982,1325982,"Krueger, Rita(rkrueger@msn.com)"
132,61,41981.77994,227,1,hpotts@yahoo.com,41981.77994,1326003,1326003,"Potts, Homer(hpotts@yahoo.com)"
133,61,41981.78166,28,1,otran@yahoo.com,41981.78166,1326006,1326006,"Tran, Osian(otran@yahoo.com)"
134,61,42248.72203,383,1,cdennis@gmail.com,42248.72203,2068289,2068289,"Dennis, Carol(cdennis@gmail.com)"
135,61,42338.98694,29,1,nrios@msn.com,42338.98694,2239160,2239160,"Rios, Nate(nrios@msn.com)"
136,61,44315.73719,381,1,bchapman@yahoo.com,44315.73719,7044464,7044464,"Chapman, Beau(bchapman@yahoo.com)"
137,61,44315.81457,186,1,egibbons@gmail.com,44315.81457,7044871,7044871,"Gibbons, Elsie(egibbons@gmail.com)"
138,61,44336.82817,55,1,joliver@hotmail.com,44336.82817,7118277,7118277,"Oliver, Jacqueline(joliver@hotmail.com)"
139,61,44374.01779,244,1,shaines@msn.com,44374.01779,7187720,7187720,"Haines, Sam(shaines@msn.com)"
140,61,44379.59442,266,1,cgillespie@hotmail.com,44379.59442,7199388,7199388,"Gillespie, Cai(cgillespie@hotmail.com)"
141,61,43367.7942,351,1,lespinoza@hotmail.com,41366.40889,256,4662221,"Espinoza, Lottie(lespinoza@hotmail.com)"
142,61,41488.40863,251,1,abarker@yahoo.com,41487.46512,224773,228776,"Barker, Ayrton(abarker@yahoo.com)"
143,61,43018.0016,253,1,sjennings@msn.com,41981.76716,1325954,3869057,"Jennings, Sydney(sjennings@msn.com)"
144,61,42621.70339,25,1,pjimenez@hotmail.com,42263.75856,2103381,2916647,"Jimenez, Peggy(pjimenez@hotmail.com)"
145,61,42385.87122,280,1,jroberts@hotmail.com,42385.87122,2325421,2325421,"Roberts, Junaid(jroberts@hotmail.com)"
146,61,43833.96883,328,1,fnolan@msn.com,42725.77436,3098741,5511476,"Nolan, Frazer(fnolan@msn.com)"
147,61,45049.93296,374,1,emoran@yahoo.com,42725.77913,3098764,9522621,"Moran, Eric(emoran@yahoo.com)"
148,61,44176.90272,367,1,mwarren@yahoo.com,42725.81574,3098897,6558792,"Warren, Mckenzie(mwarren@yahoo.com)"
149,61,42726.68003,329,1,nbartlett@gmail.com,42726.68003,3100206,3100206,"Bartlett, Nicola(nbartlett@gmail.com)"
150,61,43118.62463,372,1,jfitzpatrick@hotmail.com,43118.62463,4058470,4058470,"Fitzpatrick, Jonas(jfitzpatrick@hotmail.com)"
151,61,43404.89779,379,1,hgarcia@hotmail.com,43404.89779,4739648,4739648,"Garcia, Hermione(hgarcia@hotmail.com)"
152,61,43439.92586,45,1,pcamacho@msn.com,43439.92586,4789910,4789910,"Camacho, Phyllis(pcamacho@msn.com)"
153,61,44386.93352,121,1,freynolds@msn.com,44041.77583,6312830,7209551,"Reynolds, Fred(freynolds@msn.com)"
