contact_KEY,email
323,eriley@yahoo.com
312,acraig@yahoo.com
311,mnicholson@gmail.com
332,roneill@gmail.com
353,hmoss@gmail.com
315,mcook@msn.com
350,isavage@msn.com
309,amurphy@hotmail.com
355,abeasley@msn.com
340,dlamb@msn.com
334,bjacobson@gmail.com
343,tmcgrath@yahoo.com
333,lclark@yahoo.com
316,igentry@yahoo.com
356,rmccoy@gmail.com
317,slozano@hotmail.com
318,olowe@msn.com
357,ohardin@hotmail.com
214,mcolon@gmail.com
120,jward@yahoo.com
362,crichards@msn.com
134,rcantrell@hotmail.com
371,jhartley@yahoo.com
115,jsears@hotmail.com
219,nfrost@yahoo.com
111,idaniel@hotmail.com
236,stodd@msn.com
254,srios@yahoo.com
245,rkrueger@msn.com
227,hpotts@yahoo.com
28,otran@yahoo.com
304,thouse@msn.com
368,hjarvis@msn.com
366,zhenderson@msn.com
25,pjimenez@hotmail.com
369,dbuchanan@msn.com
37,staylor@gmail.com
29,nrios@msn.com
346,hdillon@hotmail.com
365,llevy@msn.com
306,gpham@yahoo.com
375,hmclean@gmail.com
378,nmoon@msn.com
322,aclarke@msn.com
327,lheath@hotmail.com
360,mluna@yahoo.com
379,hgarcia@hotmail.com
307,rtownsend@hotmail.com
148,rjohnston@gmail.com
46,cmcclure@yahoo.com
247,krussell@hotmail.com
113,bbrewer@msn.com
67,jcabrera@hotmail.com
376,ahudson@msn.com
137,mharrell@yahoo.com
235,lbrock@msn.com
50,emcdaniel@hotmail.com
155,charmon@gmail.com
326,kdavies@hotmail.com
116,afarrell@msn.com
117,wmolina@msn.com
139,fmclean@msn.com
70,batkinson@gmail.com
303,hhess@gmail.com
259,kochoa@yahoo.com
284,ccampos@yahoo.com
144,dwang@hotmail.com
222,avalentine@msn.com
151,llevy@hotmail.com
171,ale@msn.com
173,asmall@yahoo.com
174,asingh@yahoo.com
80,jduffy@hotmail.com
42,sbenton@hotmail.com
136,eguzman@gmail.com
122,mgreen@hotmail.com
172,thahn@hotmail.com
175,thunt@gmail.com
176,lshields@msn.com
256,hneal@gmail.com
220,iayers@msn.com
381,bchapman@yahoo.com
186,egibbons@gmail.com
55,joliver@hotmail.com
244,shaines@msn.com
266,cgillespie@hotmail.com
140,agillespie@hotmail.com
270,ctanner@msn.com
98,lbaker@yahoo.com
199,jbonner@hotmail.com
167,kpetersen@yahoo.com
44,flester@gmail.com
200,dsoto@gmail.com
100,jmorrow@hotmail.com
63,cmccarthy@hotmail.com
101,lrobertson@gmail.com
102,mweaver@msn.com
168,zharris@yahoo.com
153,ebean@hotmail.com
124,dtaylor@gmail.com
103,ablankenship@msn.com
146,aphillips@yahoo.com
66,sconnolly@msn.com
53,kslater@msn.com
150,ewhitehead@gmail.com
196,fmercado@yahoo.com
69,ghatfield@hotmail.com
104,jharrington@yahoo.com
105,jbrooks@msn.com
160,lharrison@gmail.com
84,cchandler@hotmail.com
194,mbeasley@hotmail.com
85,bolson@yahoo.com
164,cfischer@gmail.com
269,fdorsey@msn.com
73,akoch@gmail.com
127,kterry@msn.com
165,lrose@yahoo.com
166,lholloway@msn.com
197,zmurray@hotmail.com
241,aelliott@gmail.com
208,arobertson@yahoo.com
128,kcalhoun@msn.com
129,jpearson@yahoo.com
77,mosborn@gmail.com
89,againes@hotmail.com
178,fknight@msn.com
170,sromero@yahoo.com
107,pdale@hotmail.com
132,radams@gmail.com
192,hleonard@msn.com
206,hparker@hotmail.com
95,jgomez@hotmail.com
193,mmcknight@msn.com
181,aboyd@yahoo.com
202,vsnyder@yahoo.com
